Insight,Insight Type,Theme,Persona,Angle,Notes,Valence,Intensity,Evidence Count,Source,Top Communities,Status
"Many health-conscious adults believe they need 5-10 separate supplements every morning, not realizing a single greens powder can cover most bases.",Supplement Overload Belief Shift,Supplement fatigue myth,health_conscious_adults,Pill Drawer Reset,"BELIEF: I need a dozen different supplements to cover my nutritional gaps. REFRAME: Most of those pills overlap or underdose. One scoop with 40+ superfoods replaces the whole drawer. ONE SCOOP, FULL NUTRITION: One scoop in water each morning replaces the pill-sorting ritual. SUNCOAST GREENS BRIDGE: Third-party tested formula means you know exactly what you're getting in every scoop.",Negative,4,14,reddit,Supplements;nutrition;Fitness,New
"Many busy professionals skip breakfast entirely and compensate with coffee, believing caffeine replaces the need for actual nutrition.",Morning Nutrition Gap Belief Shift,Coffee-as-breakfast myth,busy_professionals,Coffee Isn't Breakfast,"BELIEF: I don't have time for breakfast — coffee gets me through the morning just fine. REFRAME: Coffee masks hunger but doesn't feed your body. By 2pm the crash hits because you ran on stimulants, not nutrition. ONE SCOOP, FULL NUTRITION: 30 seconds to mix into water — faster than waiting for your coffee to brew. SUNCOAST GREENS BRIDGE: Mixes instantly with no blender needed, so there's zero excuse even on your busiest mornings.",Negative,4,12,reddit,productivity;nutrition;intermittentfasting,New
"Many people who tried greens powders before gave up because the taste was unbearable, assuming all greens powders taste the same.",Taste Barrier Belief Shift,Lawn clippings assumption,supplement_skeptics,Not All Greens Taste Bad,"BELIEF: I tried a greens powder once and it tasted like dirt — they're all the same. REFRAME: Most greens powders use cheap fillers and no flavor engineering. Taste is a formulation choice, not a category curse. ONE SCOOP, FULL NUTRITION: Natural mint-citrus flavor designed to actually taste good in plain water. SUNCOAST GREENS BRIDGE: Mint-citrus flavor profile developed specifically so you don't need to hide it in a smoothie.",Negative,3,11,reddit,Supplements;HealthyFood;nutrition,New
"Many parents juggle their kids' nutrition obsessively while completely neglecting their own, surviving on leftovers and scraps.",Motivation / Self-Neglect Pattern,Parent nutrition sacrifice,parents_health,Kids Eat Better Than You,"BELIEF: Making sure the kids eat well is what matters — I'll figure out my own food later. REFRAME: Your energy, mood, and patience all run on nutrition. Feeding yourself IS feeding your family's stability. ONE SCOOP, FULL NUTRITION: One scoop while packing lunches — takes less time than cutting an apple. SUNCOAST GREENS BRIDGE: Mix it in water while you prep the kids' breakfast. No prep, no cleanup.",Negative,4,10,reddit,Parenting;Mealprep;nutrition,New
"Many adults in their 30s start noticing energy crashes and brain fog but attribute it to aging rather than poor nutrition.",Energy & Cognition Gap,Aging vs. nutrition confusion,health_conscious_adults,It's Not Your Age,"BELIEF: I'm just getting older — energy crashes and brain fog are normal after 30. REFRAME: Most energy crashes trace back to nutritional gaps, not birthdays. Your body needs more micronutrients under stress, not fewer. ONE SCOOP, FULL NUTRITION: Adaptogens and B-vitamins in every scoop target the exact energy pathways that degrade under chronic stress. SUNCOAST GREENS BRIDGE: Formulated with adaptogens specifically for stress-related fatigue.",Negative,4,9,reddit,Supplements;nootropics;Fitness,New
"Many people believe eating a 'pretty good' diet means they don't need supplementation, not realizing modern produce is nutrient-depleted.",Misconception / Nutritional Gaps,Good diet fallacy,fitness_minded,Your Salad Isn't Enough,"BELIEF: I eat healthy — lots of vegetables, lean protein — so I don't need a supplement. REFRAME: Soil depletion means today's produce has 30-40% fewer nutrients than 50 years ago. Even a great diet has gaps. ONE SCOOP, FULL NUTRITION: Fills the gaps that even a solid whole-food diet leaves behind. SUNCOAST GREENS BRIDGE: 40+ organic superfoods sourced for nutrient density, not just label variety.",Mixed,3,12,reddit,nutrition;Fitness;HealthyFood,New
"Many supplement users don't trust brands because they've seen third-party audits revealing products with less than half the labeled dose.",Trust & Transparency Barrier,Supplement fraud awareness,supplement_skeptics,Trust Issues,"BELIEF: Supplement brands lie on their labels — I've seen the reports and I don't trust any of them. REFRAME: Skepticism is earned. The fix isn't avoiding supplements — it's choosing one that publishes independent lab results. ONE SCOOP, FULL NUTRITION: Every batch independently tested for heavy metals, pesticides, and label accuracy. SUNCOAST GREENS BRIDGE: Third-party COAs published for every batch so you can verify before you buy.",Negative,5,13,reddit,Supplements;nutrition;Nootropics,New
"Many people who take greens powders mix them into elaborate smoothies, not realizing they're adding 400+ calories to a 'health' drink.",Misconception / Calorie Creep,Smoothie calorie trap,health_conscious_adults,Your Smoothie Is a Meal,"BELIEF: My morning greens smoothie is healthy — I'm doing the right thing. REFRAME: Once you add banana, peanut butter, oat milk, and honey, your 'health drink' has more calories than a fast-food breakfast. ONE SCOOP, FULL NUTRITION: Tastes good in plain water — no smoothie ingredients needed. SUNCOAST GREENS BRIDGE: Mint-citrus flavor means water is all you need. Zero hidden calories.",Mixed,3,10,reddit,loseit;nutrition;Fitness,New
"Many fitness-focused people dismiss greens powders as 'for beginners' and believe they can get everything from whole foods and protein shakes.",Skepticism / Category Dismissal,Greens are for beginners myth,fitness_minded,Beyond Protein,"BELIEF: I already eat well and take protein — greens powders are for people who don't know how to eat. REFRAME: Protein builds muscle. Greens fill the micronutrient gaps that protein doesn't touch — the ones that affect recovery, sleep, and inflammation. ONE SCOOP, FULL NUTRITION: Covers the 40+ micronutrients that protein powder and whole foods still miss. SUNCOAST GREENS BRIDGE: Formulated to complement a fitness diet, not replace it.",Negative,3,11,reddit,Fitness;Supplements;bodybuilding,New
"Many people start a supplement routine with enthusiasm but quit within weeks because the daily pill-sorting ritual becomes exhausting.",Motivation / Consistency Barrier,Supplement fatigue dropout,health_conscious_adults,Pill Fatigue,"BELIEF: I should be taking all these supplements but I keep forgetting or getting tired of the routine. REFRAME: The routine is the problem, not your discipline. If it takes 5 minutes of sorting pills, you'll skip it. If it takes 30 seconds, you won't. ONE SCOOP, FULL NUTRITION: One scoop replaces the entire pill drawer — 30 seconds, done. SUNCOAST GREENS BRIDGE: Consolidates your supplement stack into a single daily scoop.",Negative,3,10,reddit,Supplements;productivity;nutrition,New
"Many health-conscious consumers read supplement labels obsessively but can't tell the difference between meaningful doses and pixie-dusting.",Trust & Transparency Barrier,Pixie-dust label reading,supplement_skeptics,Label Theater,"BELIEF: I read every label carefully so I know what I'm getting. REFRAME: Reading labels only works if brands use honest doses. Most sprinkle trace amounts of trendy ingredients just to list them. ONE SCOOP, FULL NUTRITION: Clinical doses of every ingredient — not trace amounts for marketing. SUNCOAST GREENS BRIDGE: Every ingredient at the dose backed by research, not the minimum needed for label claims.",Mixed,4,12,reddit,Supplements;nutrition;Nootropics,New
"Many people resist greens powders because they believe the only 'real' way to get nutrition is from whole, unprocessed foods.",Objection / Whole Foods Purist,Real food superiority belief,health_conscious_adults,Real Food Purist,"BELIEF: Supplements are processed junk — I should just eat real vegetables. REFRAME: You should eat vegetables AND fill the gaps. Even nutritionists have nutrient gaps from food alone. One doesn't replace the other. ONE SCOOP, FULL NUTRITION: Complements your whole-food diet — fills gaps, doesn't replace meals. SUNCOAST GREENS BRIDGE: Made from organic whole-food sources, not synthetic isolates.",Negative,3,9,reddit,nutrition;HealthyFood;Supplements,New
"Many professionals in high-stress jobs use energy drinks and pre-workouts to power through, not realizing the crash cycle depletes them further.",Energy & Cognition Gap,Stimulant dependency cycle,busy_professionals,The Crash Cycle,"BELIEF: I need caffeine and pre-workout to function — it's just how I'm wired. REFRAME: Stimulants borrow energy from later. The crash isn't random — it's payback. Actual nutrition provides sustained energy without the debt. ONE SCOOP, FULL NUTRITION: Adaptogens and B-vitamins for sustained energy instead of borrowed stimulant spikes. SUNCOAST GREENS BRIDGE: Designed to support natural energy production, not mask fatigue with stimulants.",Negative,4,10,reddit,productivity;Supplements;Fitness,New
"Many people think $59/month for a greens powder is expensive, while spending $150/month on individual supplements without questioning it.",Price Objection / Value Math,Price anchor blindness,supplement_skeptics,Do The Math,"BELIEF: $59 a month for powder? That's too expensive — I can buy vitamins cheaper. REFRAME: Add up your current supplement stack. Most people spend $100-200/month on individual bottles that overlap and underdose. ONE SCOOP, FULL NUTRITION: Replaces $100-200/month in individual supplements for $59/month. SUNCOAST GREENS BRIDGE: One subscription replaces 5-10 separate supplement purchases.",Negative,4,11,reddit,Supplements;Frugal;nutrition,New
"Many adults know they should eat better but use 'no time' as a permanent excuse, even though they spend 30 minutes scrolling their phone each morning.",Motivation / Time Excuse Pattern,Time excuse loop,busy_professionals,30 Seconds vs 30 Minutes,"BELIEF: I don't have time to focus on nutrition in the morning. REFRAME: You have 30 seconds. If you can unlock your phone, you can mix a scoop into water. The time excuse protects the habit, not the schedule. ONE SCOOP, FULL NUTRITION: 30 seconds to mix — less time than checking your first notification. SUNCOAST GREENS BRIDGE: No blender, no prep, no cleanup. Scoop, stir, drink.",Negative,3,10,reddit,productivity;GetMotivated;nutrition,New
"Many people who've been burned by supplement hype assume that any product with '40+ ingredients' is just marketing, not realizing some formulas actually deliver.",Trust & Transparency Barrier,Ingredient count skepticism,supplement_skeptics,40 Ingredients Sounds Like BS,"BELIEF: Any product claiming 40+ ingredients is just padding the label — no way they're all in meaningful amounts. REFRAME: Skepticism is smart. But some formulas publish third-party test results proving every ingredient at labeled dose. Look for receipts, not claims. ONE SCOOP, FULL NUTRITION: Every ingredient at labeled dose, verified by independent testing. SUNCOAST GREENS BRIDGE: Published COAs for every batch — verify every ingredient yourself.",Negative,4,9,reddit,Supplements;nutrition;Nootropics,New
"Many people want to improve their nutrition but feel paralyzed by conflicting advice on what supplements to take, so they take nothing.",Decision Fatigue / Paralysis,Analysis paralysis in supplements,health_conscious_adults,Too Many Choices,"BELIEF: There's so much conflicting information about supplements that I don't know where to start, so I just don't. REFRAME: The paradox of choice kills action. One well-formulated product beats a perfect stack you never build. ONE SCOOP, FULL NUTRITION: One product, one scoop, done — no research rabbit holes needed. SUNCOAST GREENS BRIDGE: Formulated to be the one supplement you actually take instead of the ten you keep researching.",Negative,3,10,reddit,Supplements;nutrition;GetMotivated,New
